Secteur;Pièces;Époque;Vide minoré;Vide référence;Vide majoré;Majoration meublé;Meublé minoré;Meublé référence;Meublé majoré
1;1;< 1946;24,9;35,5;42,6;5,0;28,4;40,5;48,6
1;1;1946-1970;24,9;35,5;42,6;5,0;28,4;40,5;48,6
1;1;1971-1990;23,5;33,6;40,3;4,7;26,8;38,3;46,0
1;1;> 1990;26,7;38,2;45,8;5,3;30,5;43,5;52,2
1;2;< 1946;22,1;31,6;37,9;4,4;25,2;36,0;43,2
1;2;1946-1970;22,1;31,5;37,8;4,4;25,1;35,9;43,1
1;2;1971-1990;20,5;29,3;35,2;4,1;23,4;33,4;40,1
1;2;> 1990;22,7;32,4;38,9;4,5;25,8;36,9;44,3
1;3;< 1946;21,0;30,0;36,0;4,2;23,9;34,2;41,0
1;3;1946-1970;20,7;29,6;35,5;4,1;23,6;33,7;40,4
1;3;1971-1990;20,3;29,0;34,8;4,1;23,2;33,1;39,7
1;3;> 1990;21,7;31,0;37,2;4,3;24,7;35,3;42,4
1;4 et +;< 1946;22,1;31,5;37,8;4,4;25,1;35,9;43,1
1;4 et +;1946-1970;19,2;27,4;32,9;3,8;21,8;31,2;37,4
1;4 et +;1971-1990;19,6;28,0;33,6;3,9;22,3;31,9;38,3
1;4 et +;> 1990;22,3;31,8;38,2;4,5;25,4;36,3;43,6
2;1;< 1946;25,3;36,1;43,3;5,1;28,8;41,2;49,4
2;1;1946-1970;24,6;35,2;42,2;4,9;28,1;40,1;48,1
2;1;1971-1990;23,2;33,2;39,8;4,6;26,5;37,8;45,4
2;1;> 1990;22,8;32,6;39,1;4,6;26,0;37,2;44,6
2;2;< 1946;22,3;31,9;38,3;4,5;25,5;36,4;43,7
2;2;1946-1970;20,7;29,5;35,4;4,1;23,5;33,6;40,3
2;2;1971-1990;21,1;30,2;36,2;4,2;24,1;34,4;41,3
2;2;> 1990;20,3;29,0;34,8;4,1;23,2;33,1;39,7
2;3;< 1946;21,1;30,1;36,1;4,2;24,0;34,3;41,2
2;3;1946-1970;16,9;24,1;28,9;3,4;19,3;27,5;33,0
2;3;1971-1990;17,7;25,3;30,4;3,5;20,2;28,8;34,6
2;3;> 1990;19,3;27,6;33,1;3,9;22,1;31,5;37,8
2;4 et +;< 1946;19,7;28,2;33,8;3,9;22,5;32,1;38,5
2;4 et +;1946-1970;17,8;25,4;30,5;3,6;20,3;29,0;34,8
2;4 et +;1971-1990;17,2;24,5;29,4;3,4;19,5;27,9;33,5
2;4 et +;> 1990;20,0;28,5;34,2;4,0;22,8;32,5;39,0
3;1;< 1946;22,1;31,6;37,9;4,4;25,2;36,0;43,2
3;1;1946-1970;22,1;31,6;37,9;4,4;25,2;36,0;43,2
3;1;1971-1990;22,5;32,1;38,5;4,5;25,6;36,6;43,9
3;1;> 1990;20,6;29,4;35,3;4,1;23,5;33,5;40,2
3;2;< 1946;20,5;29,3;35,2;4,1;23,4;33,4;40,1
3;2;1946-1970;20,8;29,7;35,6;4,2;23,7;33,9;40,7
3;2;1971-1990;20,8;29,7;35,6;4,2;23,7;33,9;40,7
3;2;> 1990;20,9;29,9;35,9;4,2;23,9;34,1;40,9
3;3;< 1946;19,0;27,2;32,6;3,8;21,7;31,0;37,2
3;3;1946-1970;20,4;29,2;35,0;4,1;23,3;33,3;40,0
3;3;1971-1990;20,4;29,2;35,0;4,1;23,3;33,3;40,0
3;3;> 1990;19,6;28,0;33,6;3,9;22,3;31,9;38,3
3;4 et +;< 1946;18,8;26,8;32,2;3,8;21,4;30,6;36,7
3;4 et +;1946-1970;18,6;26,5;31,8;3,7;21,1;30,2;36,2
3;4 et +;1971-1990;19,6;28,0;33,6;3,9;22,3;31,9;38,3
3;4 et +;> 1990;19,3;27,6;33,1;3,9;22,1;31,5;37,8
4;1;< 1946;24,6;35,2;42,2;4,9;28,1;40,1;48,1
4;1;1946-1970;23,5;33,5;40,2;4,7;26,7;38,2;45,8
4;1;1971-1990;23,1;33,0;39,6;4,6;26,3;37,6;45,1
4;1;> 1990;21,8;31,2;37,4;4,4;24,9;35,6;42,7
4;2;< 1946;21,8;31,1;37,3;4,4;24,9;35,5;42,6
4;2;1946-1970;19,7;28,2;33,8;3,9;22,5;32,1;38,5
4;2;1971-1990;17,8;25,4;30,5;3,6;20,3;29,0;34,8
4;2;> 1990;18,0;25,7;30,8;3,6;20,5;29,3;35,2
4;3;< 1946;19,4;27,7;33,2;3,9;22,1;31,6;37,9
4;3;1946-1970;16,9;24,2;29,0;3,4;19,3;27,6;33,1
4;3;1971-1990;18,8;26,8;32,2;3,8;21,4;30,6;36,7
4;3;> 1990;17,6;25,2;30,2;3,5;20,1;28,7;34,4
4;4 et +;< 1946;19,9;28,4;34,1;4,0;22,7;32,4;38,9
4;4 et +;1946-1970;17,9;25,6;30,7;3,6;20,4;29,2;35,0
4;4 et +;1971-1990;18,5;26,4;31,7;3,7;21,1;30,1;36,1
4;4 et +;> 1990;19,5;27,9;33,5;3,9;22,3;31,8;38,2
5;1;< 1946;23,5;33,6;40,3;4,7;26,8;38,3;46,0
5;1;1946-1970;21,5;30,7;36,8;4,3;24,5;35,0;42,0
5;1;1971-1990;21,1;30,2;36,2;4,2;24,1;34,4;41,3
5;1;> 1990;22,1;31,5;37,8;4,4;25,1;35,9;43,1
5;2;< 1946;20,1;28,7;34,4;4,0;22,9;32,7;39,2
5;2;1946-1970;20,0;28,6;34,3;4,0;22,8;32,6;39,1
5;2;1971-1990;18,7;26,7;32,0;3,7;21,3;30,4;36,5
5;2;> 1990;19,4;27,7;33,2;3,9;22,1;31,6;37,9
5;3;< 1946;18,1;25,8;31,0;3,6;20,6;29,4;35,3
5;3;1946-1970;15,5;22,2;26,6;3,1;17,7;25,3;30,4
5;3;1971-1990;16,7;23,8;28,6;3,3;19,0;27,1;32,5
5;3;> 1990;18,3;26,2;31,4;3,7;20,9;29,9;35,9
5;4 et +;< 1946;16,0;22,9;27,5;3,2;18,3;26,1;31,3
5;4 et +;1946-1970;16,3;23,3;28,0;3,3;18,6;26,6;31,9
5;4 et +;1971-1990;15,3;21,9;26,3;3,1;17,5;25,0;30,0
5;4 et +;> 1990;18,4;26,3;31,6;3,7;21,0;30,0;36,0
6;1;< 1946;22,8;32,5;39,0;4,6;26,0;37,1;44,5
6;1;1946-1970;21,4;30,5;36,6;4,3;24,4;34,8;41,8
6;1;1971-1990;22,5;32,2;38,6;4,5;25,7;36,7;44,0
6;1;> 1990;20,5;29,3;35,2;4,1;23,4;33,4;40,1
6;2;< 1946;20,3;29,0;34,8;4,1;23,2;33,1;39,7
6;2;1946-1970;19,9;28,4;34,1;4,0;22,7;32,4;38,9
6;2;1971-1990;20,5;29,3;35,2;4,1;23,4;33,4;40,1
6;2;> 1990;18,8;26,8;32,2;3,8;21,4;30,6;36,7
6;3;< 1946;19,5;27,9;33,5;3,9;22,3;31,8;38,2
6;3;1946-1970;19,0;27,1;32,5;3,8;21,6;30,9;37,1
6;3;1971-1990;18,6;26,5;31,8;3,7;21,1;30,2;36,2
6;3;> 1990;18,2;26,0;31,2;3,6;20,7;29,6;35,5
6;4 et +;< 1946;18,6;26,6;31,9;3,7;21,2;30,3;36,4
6;4 et +;1946-1970;17,5;25,0;30,0;3,5;20,0;28,5;34,2
6;4 et +;1971-1990;17,5;25,0;30,0;3,5;20,0;28,5;34,2
6;4 et +;> 1990;17,7;25,3;30,4;3,5;20,2;28,8;34,6
7;1;< 1946;22,1;31,6;37,9;4,4;25,2;36,0;43,2
7;1;1946-1970;20,7;29,5;35,4;4,1;23,5;33,6;40,3
7;1;1971-1990;20,9;29,8;35,8;4,2;23,8;34,0;40,8
7;1;> 1990;19,3;27,6;33,1;3,9;22,1;31,5;37,8
7;2;< 1946;19,0;27,1;32,5;3,8;21,6;30,9;37,1
7;2;1946-1970;18,9;27,0;32,4;3,8;21,6;30,8;37,0
7;2;1971-1990;18,6;26,5;31,8;3,7;21,1;30,2;36,2
7;2;> 1990;20,0;28,6;34,3;4,0;22,8;32,6;39,1
7;3;< 1946;18,5;26,4;31,7;3,7;21,1;30,1;36,1
7;3;1946-1970;16,3;23,3;28,0;3,3;18,6;26,6;31,9
7;3;1971-1990;16,9;24,1;28,9;3,4;19,3;27,5;33,0
7;3;> 1990;18,8;26,9;32,3;3,8;21,5;30,7;36,8
7;4 et +;< 1946;17,9;25,6;30,7;3,6;20,4;29,2;35,0
7;4 et +;1946-1970;16,9;24,1;28,9;3,4;19,3;27,5;33,0
7;4 et +;1971-1990;17,5;25,0;30,0;3,5;20,0;28,5;34,2
7;4 et +;> 1990;18,4;26,3;31,6;3,7;21,0;30,0;36,0
8;1;< 1946;21,7;31,0;37,2;4,3;24,7;35,3;42,4
8;1;1946-1970;19,6;28,0;33,6;3,9;22,3;31,9;38,3
8;1;1971-1990;19,3;27,6;33,1;3,9;22,1;31,5;37,8
8;1;> 1990;21,0;30,0;36,0;4,2;23,9;34,2;41,0
8;2;< 1946;18,1;25,9;31,1;3,6;20,7;29,5;35,4
8;2;1946-1970;17,5;25,0;30,0;3,5;20,0;28,5;34,2
8;2;1971-1990;18,5;26,4;31,7;3,7;21,1;30,1;36,1
8;2;> 1990;18,7;26,7;32,0;3,7;21,3;30,4;36,5
8;3;< 1946;17,5;25,0;30,0;3,5;20,0;28,5;34,2
8;3;1946-1970;13,9;19,9;23,9;2,8;15,9;22,7;27,2
8;3;1971-1990;17,1;24,4;29,3;3,4;19,5;27,8;33,4
8;3;> 1990;18,8;26,8;32,2;3,8;21,4;30,6;36,7
8;4 et +;< 1946;17,3;24,7;29,6;3,5;19,7;28,2;33,8
8;4 et +;1946-1970;15,6;22,3;26,8;3,1;17,8;25,4;30,5
8;4 et +;1971-1990;17,5;25,0;30,0;3,5;20,0;28,5;34,2
8;4 et +;> 1990;17,9;25,5;30,6;3,6;20,4;29,1;34,9
9;1;< 1946;20,9;29,9;35,9;4,2;23,9;34,1;40,9
9;1;1946-1970;19,8;28,3;34,0;4,0;22,6;32,3;38,8
9;1;1971-1990;18,6;26,5;31,8;3,7;21,1;30,2;36,2
9;1;> 1990;18,4;26,3;31,6;3,7;21,0;30,0;36,0
9;2;< 1946;18,4;26,3;31,6;3,7;21,0;30,0;36,0
9;2;1946-1970;16,7;23,8;28,6;3,3;19,0;27,1;32,5
9;2;1971-1990;18,1;25,8;31,0;3,6;20,6;29,4;35,3
9;2;> 1990;18,9;27,0;32,4;3,8;21,6;30,8;37,0
9;3;< 1946;17,1;24,4;29,3;3,4;19,5;27,8;33,4
9;3;1946-1970;15,0;21,4;25,7;3,0;17,1;24,4;29,3
9;3;1971-1990;17,0;24,3;29,2;3,4;19,4;27,7;33,2
9;3;> 1990;17,4;24,9;29,9;3,5;19,9;28,4;34,1
9;4 et +;< 1946;17,0;24,3;29,2;3,4;19,4;27,7;33,2
9;4 et +;1946-1970;14,4;20,6;24,7;2,9;16,5;23,5;28,2
9;4 et +;1971-1990;14,9;21,3;25,6;3,0;17,0;24,3;29,2
9;4 et +;> 1990;16,5;23,6;28,3;3,3;18,8;26,9;32,3
10;1;< 1946;22,6;32,3;38,8;4,5;25,8;36,8;44,2
10;1;1946-1970;19,3;27,6;33,1;3,9;22,1;31,5;37,8
10;1;1971-1990;21,1;30,1;36,1;4,2;24,0;34,3;41,2
10;1;> 1990;21,4;30,6;36,7;4,3;24,4;34,9;41,9
10;2;< 1946;19,7;28,1;33,7;3,9;22,4;32,0;38,4
10;2;1946-1970;17,4;24,9;29,9;3,5;19,9;28,4;34,1
10;2;1971-1990;17,9;25,5;30,6;3,6;20,4;29,1;34,9
10;2;> 1990;17,2;24,6;29,5;3,4;19,6;28,0;33,6
10;3;< 1946;18,7;26,7;32,0;3,7;21,3;30,4;36,5
10;3;1946-1970;15,8;22,6;27,1;3,2;18,1;25,8;31,0
10;3;1971-1990;17,3;24,7;29,6;3,5;19,7;28,2;33,8
10;3;> 1990;16,4;23,4;28,1;3,3;18,7;26,7;32,0
10;4 et +;< 1946;17,4;24,8;29,8;3,5;19,8;28,3;34,0
10;4 et +;1946-1970;16,7;23,8;28,6;3,3;19,0;27,1;32,5
10;4 et +;1971-1990;17,0;24,3;29,2;3,4;19,4;27,7;33,2
10;4 et +;> 1990;16,0;22,8;27,4;3,2;18,2;26,0;31,2
11;1;< 1946;22,1;31,5;37,8;4,4;25,1;35,9;43,1
11;1;1946-1970;19,0;27,2;32,6;3,8;21,7;31,0;37,2
11;1;1971-1990;20,1;28,7;34,4;4,0;22,9;32,7;39,2
11;1;> 1990;18,3;26,2;31,4;3,7;20,9;29,9;35,9
11;2;< 1946;19,1;27,3;32,8;3,8;21,8;31,1;37,3
11;2;1946-1970;18,4;26,3;31,6;3,7;21,0;30,0;36,0
11;2;1971-1990;18,2;26,0;31,2;3,6;20,7;29,6;35,5
11;2;> 1990;17,0;24,3;29,2;3,4;19,4;27,7;33,2
11;3;< 1946;18,1;25,8;31,0;3,6;20,6;29,4;35,3
11;3;1946-1970;15,1;21,6;25,9;3,0;17,2;24,6;29,5
11;3;1971-1990;14,6;20,9;25,1;2,9;16,7;23,8;28,6
11;3;> 1990;16,7;23,9;28,7;3,3;19,0;27,2;32,6
11;4 et +;< 1946;16,8;24,0;28,8;3,4;19,2;27,4;32,9
11;4 et +;1946-1970;16,9;24,1;28,9;3,4;19,3;27,5;33,0
11;4 et +;1971-1990;15,0;21,4;25,7;3,0;17,1;24,4;29,3
11;4 et +;> 1990;14,8;21,1;25,3;3,0;16,9;24,1;28,9
12;1;< 1946;23,2;33,1;39,7;4,6;26,4;37,7;45,2
12;1;1946-1970;18,9;27,0;32,4;3,8;21,6;30,8;37,0
12;1;1971-1990;21,3;30,4;36,5;4,3;24,3;34,7;41,6
12;1;> 1990;21,7;31,0;37,2;4,3;24,7;35,3;42,4
12;2;< 1946;19,5;27,9;33,5;3,9;22,3;31,8;38,2
12;2;1946-1970;17,4;24,8;29,8;3,5;19,8;28,3;34,0
12;2;1971-1990;16,7;23,9;28,7;3,3;19,0;27,2;32,6
12;2;> 1990;18,9;27,0;32,4;3,8;21,6;30,8;37,0
12;3;< 1946;18,1;25,8;31,0;3,6;20,6;29,4;35,3
12;3;1946-1970;15,3;21,9;26,3;3,1;17,5;25,0;30,0
12;3;1971-1990;16,0;22,9;27,5;3,2;18,3;26,1;31,3
12;3;> 1990;16,7;23,9;28,7;3,3;19,0;27,2;32,6
12;4 et +;< 1946;14,7;21,0;25,2;2,9;16,7;23,9;28,7
12;4 et +;1946-1970;14,3;20,4;24,5;2,9;16,3;23,3;28,0
12;4 et +;1971-1990;16,8;24,0;28,8;3,4;19,2;27,4;32,9
12;4 et +;> 1990;16,4;23,4;28,1;3,3;18,7;26,7;32,0
13;1;< 1946;20,7;29,6;35,5;4,1;23,6;33,7;40,4
13;1;1946-1970;19,0;27,2;32,6;3,8;21,7;31,0;37,2
13;1;1971-1990;16,0;22,8;27,4;3,2;18,2;26,0;31,2
13;1;> 1990;17,7;25,3;30,4;3,5;20,2;28,8;34,6
13;2;< 1946;17,4;24,9;29,9;3,5;19,9;28,4;34,1
13;2;1946-1970;15,3;21,8;26,2;3,1;17,4;24,9;29,9
13;2;1971-1990;14,7;21,0;25,2;2,9;16,7;23,9;28,7
13;2;> 1990;16,1;23,0;27,6;3,2;18,3;26,2;31,4
13;3;< 1946;15,9;22,7;27,2;3,2;18,1;25,9;31,1
13;3;1946-1970;13,4;19,2;23,0;2,7;15,3;21,9;26,3
13;3;1971-1990;11,7;16,7;20,0;2,3;13,3;19,0;22,8
13;3;> 1990;14,6;20,8;25,0;2,9;16,6;23,7;28,4
13;4 et +;< 1946;15,0;21,4;25,7;3,0;17,1;24,4;29,3
13;4 et +;1946-1970;12,3;17,5;21,0;2,5;14,0;20,0;24,0
13;4 et +;1971-1990;10,6;15,1;18,1;2,1;12,0;17,2;20,6
13;4 et +;> 1990;14,1;20,1;24,1;2,8;16,0;22,9;27,5
14;1;< 1946;19,2;27,4;32,9;3,8;21,8;31,2;37,4
14;1;1946-1970;19,0;27,2;32,6;3,8;21,7;31,0;37,2
14;1;1971-1990;17,4;24,9;29,9;3,5;19,9;28,4;34,1
14;1;> 1990;20,0;28,6;34,3;4,0;22,8;32,6;39,1
14;2;< 1946;17,9;25,5;30,6;3,6;20,4;29,1;34,9
14;2;1946-1970;16,3;23,3;28,0;3,3;18,6;26,6;31,9
14;2;1971-1990;16,2;23,1;27,7;3,2;18,4;26,3;31,6
14;2;> 1990;17,9;25,5;30,6;3,6;20,4;29,1;34,9
14;3;< 1946;16,4;23,4;28,1;3,3;18,7;26,7;32,0
14;3;1946-1970;14,9;21,3;25,6;3,0;17,0;24,3;29,2
14;3;1971-1990;15,2;21,7;26,0;3,0;17,3;24,7;29,6
14;3;> 1990;15,8;22,5;27,0;3,2;18,0;25,7;30,8
14;4 et +;< 1946;14,8;21,1;25,3;3,0;16,9;24,1;28,9
14;4 et +;1946-1970;14,1;20,2;24,2;2,8;16,1;23,0;27,6
14;4 et +;1971-1990;12,7;18,1;21,7;2,5;14,4;20,6;24,7
14;4 et +;> 1990;15,8;22,5;27,0;3,2;18,0;25,7;30,8
