Quartier;Nom;Secteur
1;Saint-Germain-l’Auxerrois;2
2;Halles;5
3;Palais-Royal;2
4;Place-Vendôme;2
5;Gaillon;2
6;Vivienne;4
7;Mail;4
8;Bonne-Nouvelle;4
9;Arts-et-Métiers;4
10;Enfants-Rouges;4
11;Archives;4
12;Sainte-Avoie;4
13;Saint-Merri;2
14;Saint-Gervais;4
15;Arsenal;2
16;Notre-Dame;2
17;Saint-Victor;4
18;Jardin-des-plantes;10
19;Val-de-Grâce;4
20;Sorbonne;4
21;Monnaie;2
22;Odéon;2
23;Notre-Dame des Champs;1
24;Saint-Germain des Prés;2
25;Saint-Thomas-d’Aquin;1
26;Invalides;1
27;Ecole-Militaire;1
28;Gros-Caillou;1
29;Champs-Élysées;2
30;Faubourg-du-Roule;2
31;Madeleine;2
32;Europe;3
33;Saint-Georges;5
34;Chaussée-d'Antin;2
35;Faubourg-Montmartre;5
36;Rochechouart;5
37;Saint-Vincent-de-Paul;5
38;Porte-Saint-Denis;5
39;Porte-Saint-Martin;11
40;Hôpital-Saint-Louis;11
41;Folie-Méricourt;11
42;Saint-Ambroise;10
43;Roquette;11
44;Sainte-Marguerite;10
45;Bel-Air;14
46;Picpus;9
47;Bercy;14
48;Quinze-Vingts;11
49;Salpêtrière;10
50;Gare;13
51;Maison-Blanche;12
52;Croulebarbe;5
53;Montparnasse;5
54;Parc-de-Montsouris;11
55;Petit-Montrouge;10
56;Plaisance;12
57;Saint-Lambert;8
58;Necker;6
59;Grenelle;7
60;Javel;7
61;Auteuil;7
62;Muette;3
63;Porte-Dauphine;3
64;Chaillot;3
65;Ternes;6
66;Plaine-de-Monceaux;6
67;Batignolles;10
68;Épinettes;11
69;Grandes-Carrières;9
70;Clignancourt;9
71;Goutte-d'Or;11
72;Chapelle;13
73;Villette;13
74;Pont-de-Flandre;13
75;Amérique;13
76;Combat;14
77;Belleville;11
78;Saint-Fargeau;13
79;Père-Lachaise;14
80;Charonne;13
